dataset_id,scenario_id,phase,window_start_ts,window_end_ts,pkt_rate,byte_rate,pkt_sum,events,unique_src,src_ip_entropy,flow_count,flow_rate,label
toniot,toniot_binary,external,batch_proxy:toniot:binary:000000,batch_proxy:toniot:binary:000000:end,26384400.285325922,1196908521.489438,29008.0,1000.0,3.0,0.6270338596294466,1000.0,200.0,1
toniot,toniot_binary,external,batch_proxy:toniot:binary:000001,batch_proxy:toniot:binary:000001:end,32278036.50213188,1424850077.621249,22983.0,1000.0,3.0,0.16934271821139874,1000.0,200.0,1
toniot,toniot_binary,external,batch_proxy:toniot:binary:000002,batch_proxy:toniot:binary:000002:end,29487811.438915223,1297463717.9123888,4471.0,1000.0,1.0,-0.0,1000.0,200.0,1
toniot,toniot_binary,external,batch_proxy:toniot:binary:000003,batch_proxy:toniot:binary:000003:end,31999223.102537412,1407965816.5116463,2000.0,1000.0,1.0,-0.0,1000.0,200.0,1
toniot,toniot_binary,external,batch_proxy:toniot:binary:000004,batch_proxy:toniot:binary:000004:end,25965050.724361755,1142462231.8719172,2000.0,1000.0,1.0,-0.0,1000.0,200.0,1
toniot,toniot_binary,external,batch_proxy:toniot:binary:000005,batch_proxy:toniot:binary:000005:end,27954469.17230265,1229996643.5813165,2000.0,1000.0,1.0,-0.0,1000.0,200.0,1
toniot,toniot_binary,external,batch_proxy:toniot:binary:000006,batch_proxy:toniot:binary:000006:end,30129706.27841086,1325707076.250078,2000.0,1000.0,1.0,-0.0,1000.0,200.0,1
toniot,toniot_binary,external,batch_proxy:toniot:binary:000007,batch_proxy:toniot:binary:000007:end,33329432.409242406,1466495026.006666,2000.0,1000.0,1.0,-0.0,1000.0,200.0,1
toniot,toniot_binary,external,batch_proxy:toniot:binary:000008,batch_proxy:toniot:binary:000008:end,25273151.94534166,1112018685.5950332,2000.0,1000.0,1.0,-0.0,1000.0,200.0,1
toniot,toniot_binary,external,batch_proxy:toniot:binary:000009,batch_proxy:toniot:binary:000009:end,26040001.50180569,1145760066.0794504,2000.0,1000.0,1.0,-0.0,1000.0,200.0,1
toniot,toniot_binary,external,batch_proxy:toniot:binary:000010,batch_proxy:toniot:binary:000010:end,28776529.581876226,1266173176.8281212,2000.0,1000.0,3.0,0.022814071335501035,1000.0,200.0,1
toniot,toniot_binary,external,batch_proxy:toniot:binary:000011,batch_proxy:toniot:binary:000011:end,38357277.10611701,1687720192.6691487,2000.0,1000.0,1.0,-0.0,1000.0,200.0,1
toniot,toniot_binary,external,batch_proxy:toniot:binary:000012,batch_proxy:toniot:binary:000012:end,37182792.20655537,1636042857.0884361,2000.0,1000.0,1.0,-0.0,1000.0,200.0,1
toniot,toniot_binary,external,batch_proxy:toniot:binary:000013,batch_proxy:toniot:binary:000013:end,32025159.00379707,1409106996.1670709,2000.0,1000.0,1.0,-0.0,1000.0,200.0,1
toniot,toniot_binary,external,batch_proxy:toniot:binary:000014,batch_proxy:toniot:binary:000014:end,31868208.384860322,1402201168.933854,2000.0,1000.0,1.0,-0.0,1000.0,200.0,1
toniot,toniot_binary,external,batch_proxy:toniot:binary:000015,batch_proxy:toniot:binary:000015:end,34981513.22366427,1539186581.841228,2000.0,1000.0,1.0,-0.0,1000.0,200.0,1
toniot,toniot_binary,external,batch_proxy:toniot:binary:000016,batch_proxy:toniot:binary:000016:end,34797562.646517806,1531092756.4467835,2000.0,1000.0,1.0,-0.0,1000.0,200.0,1
toniot,toniot_binary,external,batch_proxy:toniot:binary:000017,batch_proxy:toniot:binary:000017:end,37264456.99927551,1639636107.9681225,2000.0,1000.0,1.0,-0.0,1000.0,200.0,1
toniot,toniot_binary,external,batch_proxy:toniot:binary:000018,batch_proxy:toniot:binary:000018:end,37280534.46753645,1640348241.2319603,2000.0,1000.0,3.0,0.022814071335501035,1000.0,200.0,1
toniot,toniot_binary,external,batch_proxy:toniot:binary:000019,batch_proxy:toniot:binary:000019:end,30293237.32868249,1332902442.4620295,2000.0,1000.0,1.0,-0.0,1000.0,200.0,1
toniot,toniot_binary,external,batch_proxy:toniot:binary:000020,batch_proxy:toniot:binary:000020:end,48451036.08471592,2835904248.0953007,114979.0,1000.0,2.0,0.11835001140827503,1000.0,200.0,1
toniot,toniot_binary,external,batch_proxy:toniot:binary:000021,batch_proxy:toniot:binary:000021:end,34029899.88694018,1964832286.41963,4576.0,1000.0,1.0,-0.0,1000.0,200.0,1
toniot,toniot_binary,external,batch_proxy:toniot:binary:000022,batch_proxy:toniot:binary:000022:end,68172167.9120853,3913057331.0645046,4497.0,1000.0,1.0,-0.0,1000.0,200.0,1
toniot,toniot_binary,external,batch_proxy:toniot:binary:000023,batch_proxy:toniot:binary:000023:end,81757605.87937918,4716808495.605136,4358.0,1000.0,1.0,-0.0,1000.0,200.0,1
toniot,toniot_binary,external,batch_proxy:toniot:binary:000024,batch_proxy:toniot:binary:000024:end,69791709.59814751,4001577329.6393533,3647.0,1000.0,1.0,-0.0,1000.0,200.0,1
toniot,toniot_binary,external,batch_proxy:toniot:binary:000025,batch_proxy:toniot:binary:000025:end,111076279.03625184,6364373467.855699,3008.0,1000.0,1.0,-0.0,1000.0,200.0,1
toniot,toniot_binary,external,batch_proxy:toniot:binary:000026,batch_proxy:toniot:binary:000026:end,57318014.225559875,3289016288.795456,3900.0,1000.0,1.0,-0.0,1000.0,200.0,1
toniot,toniot_binary,external,batch_proxy:toniot:binary:000027,batch_proxy:toniot:binary:000027:end,132697823.51900096,7738436948.935578,2912.0,1000.0,1.0,-0.0,1000.0,200.0,1
toniot,toniot_binary,external,batch_proxy:toniot:binary:000028,batch_proxy:toniot:binary:000028:end,121785332.97921664,7280933002.078556,2851.0,1000.0,1.0,-0.0,1000.0,200.0,1
toniot,toniot_binary,external,batch_proxy:toniot:binary:000029,batch_proxy:toniot:binary:000029:end,161001414.26820517,10099151866.956814,3243.0,1000.0,1.0,-0.0,1000.0,200.0,1
toniot,toniot_binary,external,batch_proxy:toniot:binary:000030,batch_proxy:toniot:binary:000030:end,157100559.3440465,10001963252.460514,3501.0,1000.0,1.0,-0.0,1000.0,200.0,1
toniot,toniot_binary,external,batch_proxy:toniot:binary:000031,batch_proxy:toniot:binary:000031:end,149707807.9514053,10362992948.805534,4408.0,1000.0,3.0,0.032218939347085716,1000.0,200.0,1
toniot,toniot_binary,external,batch_proxy:toniot:binary:000032,batch_proxy:toniot:binary:000032:end,106409445.13540788,8257418128.03451,6238.0,1000.0,3.0,0.05026944530606745,1000.0,200.0,1
toniot,toniot_binary,external,batch_proxy:toniot:binary:000033,batch_proxy:toniot:binary:000033:end,156290799.57452533,11924989046.542152,5435.0,1000.0,3.0,0.36972143156982695,1000.0,200.0,1
toniot,toniot_binary,external,batch_proxy:toniot:binary:000034,batch_proxy:toniot:binary:000034:end,189079524.7213533,11937681921.909325,5920.0,1000.0,3.0,0.8083613681427811,1000.0,200.0,1
toniot,toniot_binary,external,batch_proxy:toniot:binary:000035,batch_proxy:toniot:binary:000035:end,134967779.08882254,8254192112.003429,5371.0,1000.0,3.0,1.0103723760380168,1000.0,200.0,1
toniot,toniot_binary,external,batch_proxy:toniot:binary:000036,batch_proxy:toniot:binary:000036:end,198099990.05335662,12905875841.933258,5370.0,1000.0,3.0,1.0103723760380168,1000.0,200.0,1
toniot,toniot_binary,external,batch_proxy:toniot:binary:000037,batch_proxy:toniot:binary:000037:end,188768864.76837885,13378724698.765936,5557.0,1000.0,3.0,0.9094347139651554,1000.0,200.0,1
toniot,toniot_binary,external,batch_proxy:toniot:binary:000038,batch_proxy:toniot:binary:000038:end,165352156.0087042,12197197364.933243,5775.0,1000.0,3.0,0.82163515649217,1000.0,200.0,1
toniot,toniot_binary,external,batch_proxy:toniot:binary:000039,batch_proxy:toniot:binary:000039:end,183602294.93621016,12945639150.888157,6616.0,1000.0,3.0,1.0109821299704362,1000.0,200.0,1
toniot,toniot_binary,external,batch_proxy:toniot:binary:000040,batch_proxy:toniot:binary:000040:end,125102951.42207983,5068830713.061811,8747.0,1000.0,3.0,0.4059911700453355,1000.0,200.0,1
toniot,toniot_binary,external,batch_proxy:toniot:binary:000041,batch_proxy:toniot:binary:000041:end,125643164.23636553,5045228350.515903,6849.0,1000.0,3.0,0.2927677264035571,1000.0,200.0,1
toniot,toniot_binary,external,batch_proxy:toniot:binary:000042,batch_proxy:toniot:binary:000042:end,107039913.56808937,4309986708.660747,8235.0,1000.0,3.0,0.36653014604720124,1000.0,200.0,1
toniot,toniot_binary,external,batch_proxy:toniot:binary:000043,batch_proxy:toniot:binary:000043:end,104921301.74638082,4270619919.2599316,9674.0,1000.0,3.0,0.36120121911530473,1000.0,200.0,1
toniot,toniot_binary,external,batch_proxy:toniot:binary:000044,batch_proxy:toniot:binary:000044:end,126914415.54858658,5212011840.774078,13062.0,1000.0,3.0,0.2984615773262248,1000.0,200.0,1
toniot,toniot_binary,external,batch_proxy:toniot:binary:000045,batch_proxy:toniot:binary:000045:end,167923500.82295418,6869603099.274311,86992.0,1000.0,3.0,0.37700543085517696,1000.0,200.0,1
toniot,toniot_binary,external,batch_proxy:toniot:binary:000046,batch_proxy:toniot:binary:000046:end,171670149.37257886,7148702943.613243,8928.0,1000.0,3.0,0.3909630944189015,1000.0,200.0,1
toniot,toniot_binary,external,batch_proxy:toniot:binary:000047,batch_proxy:toniot:binary:000047:end,168025871.11931372,7067207939.753421,9039.0,1000.0,3.0,0.401309814365092,1000.0,200.0,1
toniot,toniot_binary,external,batch_proxy:toniot:binary:000048,batch_proxy:toniot:binary:000048:end,177566978.33627608,7643316013.191634,8829.0,1000.0,3.0,0.38623704455354546,1000.0,200.0,1
toniot,toniot_binary,external,batch_proxy:toniot:binary:000049,batch_proxy:toniot:binary:000049:end,159334728.49254444,6616861324.610679,8900.0,1000.0,4.0,0.4223902294273787,1000.0,200.0,1
toniot,toniot_binary,external,batch_proxy:toniot:binary:000050,batch_proxy:toniot:binary:000050:end,175445637.15915608,7492649024.507121,10217.0,1000.0,3.0,0.4866840825426284,1000.0,200.0,1
toniot,toniot_binary,external,batch_proxy:toniot:binary:000051,batch_proxy:toniot:binary:000051:end,172294949.50634444,7272388313.802689,8725.0,1000.0,3.0,0.5209736980163745,1000.0,200.0,1
toniot,toniot_binary,external,batch_proxy:toniot:binary:000052,batch_proxy:toniot:binary:000052:end,185007437.04357523,7663248256.431562,9665.0,1000.0,3.0,0.4590709165251198,1000.0,200.0,1
toniot,toniot_binary,external,batch_proxy:toniot:binary:000053,batch_proxy:toniot:binary:000053:end,164270562.90307057,6877198744.845873,9513.0,1000.0,3.0,0.4152332926792214,1000.0,200.0,1
toniot,toniot_binary,external,batch_proxy:toniot:binary:000054,batch_proxy:toniot:binary:000054:end,176384926.97795436,7204951052.694946,8738.0,1000.0,3.0,0.3818619371740367,1000.0,200.0,1
toniot,toniot_binary,external,batch_proxy:toniot:binary:000055,batch_proxy:toniot:binary:000055:end,166665612.5344453,7097917061.020168,9865.0,1000.0,3.0,0.4585306082181512,1000.0,200.0,1
toniot,toniot_binary,external,batch_proxy:toniot:binary:000056,batch_proxy:toniot:binary:000056:end,131416747.16802618,5433170270.651164,7566.0,1000.0,3.0,0.31357513178925456,1000.0,200.0,1
toniot,toniot_binary,external,batch_proxy:toniot:binary:000057,batch_proxy:toniot:binary:000057:end,153430486.39010483,6217559528.464915,7549.0,1000.0,3.0,0.35133771895595967,1000.0,200.0,1
toniot,toniot_binary,external,batch_proxy:toniot:binary:000058,batch_proxy:toniot:binary:000058:end,156410886.97897798,6519044959.622431,10893.0,1000.0,3.0,0.602955460819164,1000.0,200.0,1
toniot,toniot_binary,external,batch_proxy:toniot:binary:000059,batch_proxy:toniot:binary:000059:end,136054118.84268212,5594364859.737661,9090.0,1000.0,3.0,0.5335677875744589,1000.0,200.0,1
toniot,toniot_binary,external,batch_proxy:toniot:binary:000060,batch_proxy:toniot:binary:000060:end,457957.1651398849,98239600.06973898,13454.0,1000.0,2.0,0.9580420222262995,1000.0,200.0,1
toniot,toniot_binary,external,batch_proxy:toniot:binary:000061,batch_proxy:toniot:binary:000061:end,18647509.390205417,991837896.3551018,13983.0,1000.0,2.0,0.9384543826025636,1000.0,200.0,1
toniot,toniot_binary,external,batch_proxy:toniot:binary:000062,batch_proxy:toniot:binary:000062:end,6054670.387545831,321202072.34204,9818.0,1000.0,2.0,0.7239235920856689,1000.0,200.0,1
toniot,toniot_binary,external,batch_proxy:toniot:binary:000063,batch_proxy:toniot:binary:000063:end,15680616.686895767,870255432.1601884,10896.0,1000.0,2.0,0.9418499821369986,1000.0,200.0,1
toniot,toniot_binary,external,batch_proxy:toniot:binary:000064,batch_proxy:toniot:binary:000064:end,2914935.9064249173,249950878.55069843,10301.0,1000.0,2.0,0.26915586965420646,1000.0,200.0,1
toniot,toniot_binary,external,batch_proxy:toniot:binary:000065,batch_proxy:toniot:binary:000065:end,10707124.776968485,903152102.5506395,13916.0,1000.0,2.0,0.9587452303135016,1000.0,200.0,1
toniot,toniot_binary,external,batch_proxy:toniot:binary:000066,batch_proxy:toniot:binary:000066:end,3365307.516961624,243823164.69835272,10743.0,1000.0,2.0,0.9759723949639902,1000.0,200.0,1
toniot,toniot_binary,external,batch_proxy:toniot:binary:000067,batch_proxy:toniot:binary:000067:end,8165087.410207044,588053197.3384916,10372.0,1000.0,2.0,0.5601743246989673,1000.0,200.0,1
toniot,toniot_binary,external,batch_proxy:toniot:binary:000068,batch_proxy:toniot:binary:000068:end,5151071.893737736,612933057.7512231,9379.0,1000.0,2.0,0.12424761932804057,1000.0,200.0,1
toniot,toniot_binary,external,batch_proxy:toniot:binary:000069,batch_proxy:toniot:binary:000069:end,2894983.868084838,688520067.7506397,12398.0,1000.0,2.0,0.2735138277070635,1000.0,200.0,1
toniot,toniot_binary,external,batch_proxy:toniot:binary:000070,batch_proxy:toniot:binary:000070:end,83405.98410613816,26072965.59720934,14310.0,1000.0,2.0,0.9521953766259577,1000.0,200.0,1
toniot,toniot_binary,external,batch_proxy:toniot:binary:000071,batch_proxy:toniot:binary:000071:end,4278592.028703444,262692966.25303626,11406.0,1000.0,2.0,0.3314018216238568,1000.0,200.0,1
toniot,toniot_binary,external,batch_proxy:toniot:binary:000072,batch_proxy:toniot:binary:000072:end,227622.3256619787,32405876.27091634,10121.0,1000.0,2.0,0.05291508034484766,1000.0,200.0,1
toniot,toniot_binary,external,batch_proxy:toniot:binary:000073,batch_proxy:toniot:binary:000073:end,3543718.064821836,509319072.8813762,10836.0,1000.0,1.0,-0.0,1000.0,200.0,1
toniot,toniot_binary,external,batch_proxy:toniot:binary:000074,batch_proxy:toniot:binary:000074:end,1846127.3875080026,128876090.95949455,13813.0,1000.0,2.0,0.011407757737461138,1000.0,200.0,1
toniot,toniot_binary,external,batch_proxy:toniot:binary:000075,batch_proxy:toniot:binary:000075:end,551073.6932592116,68467971.59675637,12581.0,1000.0,2.0,0.05291508034484766,1000.0,200.0,1
toniot,toniot_binary,external,batch_proxy:toniot:binary:000076,batch_proxy:toniot:binary:000076:end,511496.79925286985,233834337.03824827,11209.0,1000.0,1.0,-0.0,1000.0,200.0,1
toniot,toniot_binary,external,batch_proxy:toniot:binary:000077,batch_proxy:toniot:binary:000077:end,353061.39178809006,149935971.96789914,11710.0,1000.0,1.0,-0.0,1000.0,200.0,1
toniot,toniot_binary,external,batch_proxy:toniot:binary:000078,batch_proxy:toniot:binary:000078:end,5476624.638394842,405871349.84008145,13868.0,1000.0,2.0,0.8341980958607491,1000.0,200.0,1
toniot,toniot_binary,external,batch_proxy:toniot:binary:000079,batch_proxy:toniot:binary:000079:end,30279357.10180588,2117152718.8503122,7463.0,1000.0,3.0,0.7249484446691026,1000.0,200.0,1
toniot,toniot_binary,external,batch_proxy:toniot:binary:000080,batch_proxy:toniot:binary:000080:end,11657179.019701866,1841217929.3474183,114066.0,1000.0,6.0,1.0811627238041484,1000.0,200.0,1
toniot,toniot_binary,external,batch_proxy:toniot:binary:000081,batch_proxy:toniot:binary:000081:end,258340715.38174298,17840407574.781075,1819.0,1000.0,14.0,1.3468085450615441,1000.0,200.0,1
toniot,toniot_binary,external,batch_proxy:toniot:binary:000082,batch_proxy:toniot:binary:000082:end,255202466.12994775,17149520460.585365,616.0,1000.0,10.0,1.0843345780106226,1000.0,200.0,0
toniot,toniot_binary,external,batch_proxy:toniot:binary:000083,batch_proxy:toniot:binary:000083:end,224410370.53347245,15217964451.250107,199943.0,1000.0,12.0,1.5129962712674232,1000.0,200.0,0
toniot,toniot_binary,external,batch_proxy:toniot:binary:000084,batch_proxy:toniot:binary:000084:end,253350443.88713753,16811006755.393215,618.0,1000.0,11.0,1.1045906874311004,1000.0,200.0,0
toniot,toniot_binary,external,batch_proxy:toniot:binary:000085,batch_proxy:toniot:binary:000085:end,261428925.60500985,17461818819.797913,635.0,1000.0,14.0,1.2136624343783542,1000.0,200.0,0
toniot,toniot_binary,external,batch_proxy:toniot:binary:000086,batch_proxy:toniot:binary:000086:end,173477881.08096713,11528632302.929756,3107.0,1000.0,14.0,1.080444856505066,1000.0,200.0,0
toniot,toniot_binary,external,batch_proxy:toniot:binary:000087,batch_proxy:toniot:binary:000087:end,46630785.50601332,3874179672.5448465,395.0,1000.0,10.0,0.40111245756898833,1000.0,200.0,0
toniot,toniot_binary,external,batch_proxy:toniot:binary:000088,batch_proxy:toniot:binary:000088:end,9739046.006455109,914006705.9854746,507.0,1000.0,6.0,0.12218779177362257,1000.0,200.0,0
toniot,toniot_binary,external,batch_proxy:toniot:binary:000089,batch_proxy:toniot:binary:000089:end,4671251.330766444,1037663218.4796305,700.0,1000.0,5.0,0.11496851082474895,1000.0,200.0,0
toniot,toniot_binary,external,batch_proxy:toniot:binary:000090,batch_proxy:toniot:binary:000090:end,13635140.352463119,1935972184.4405699,23760.0,1000.0,12.0,0.46327188469541114,1000.0,200.0,0
toniot,toniot_binary,external,batch_proxy:toniot:binary:000091,batch_proxy:toniot:binary:000091:end,161632753.12541297,14434359083.15595,2710.0,1000.0,21.0,2.5841747281323304,1000.0,200.0,0
toniot,toniot_binary,external,batch_proxy:toniot:binary:000092,batch_proxy:toniot:binary:000092:end,278444402.79505193,23129528458.3606,36616.0,1000.0,18.0,2.23171581059859,1000.0,200.0,0
toniot,toniot_binary,external,batch_proxy:toniot:binary:000093,batch_proxy:toniot:binary:000093:end,172499222.67330688,14006296882.48649,2625.0,1000.0,17.0,1.7528551509932915,1000.0,200.0,0
toniot,toniot_binary,external,batch_proxy:toniot:binary:000094,batch_proxy:toniot:binary:000094:end,154441201.8180577,13439486702.923038,2307.0,1000.0,15.0,1.868726109883139,1000.0,200.0,0
toniot,toniot_binary,external,batch_proxy:toniot:binary:000095,batch_proxy:toniot:binary:000095:end,191332745.7860548,15775761343.961811,13417.0,1000.0,17.0,1.8324616625977883,1000.0,200.0,0
toniot,toniot_binary,external,batch_proxy:toniot:binary:000096,batch_proxy:toniot:binary:000096:end,145150988.76628536,11789645670.656834,2277.0,1000.0,13.0,1.5691589079140056,1000.0,200.0,0
toniot,toniot_binary,external,batch_proxy:toniot:binary:000097,batch_proxy:toniot:binary:000097:end,146714035.6532342,12079817348.61935,2457.0,1000.0,18.0,1.7094576317596364,1000.0,200.0,0
toniot,toniot_binary,external,batch_proxy:toniot:binary:000098,batch_proxy:toniot:binary:000098:end,231693208.23173943,20616875729.698223,2385.0,1000.0,20.0,2.638484989205296,1000.0,200.0,0
toniot,toniot_binary,external,batch_proxy:toniot:binary:000099,batch_proxy:toniot:binary:000099:end,157741244.79133323,13969263493.735878,2479.0,1000.0,20.0,2.373029649985388,1000.0,200.0,0
toniot,toniot_binary,external,batch_proxy:toniot:binary:000100,batch_proxy:toniot:binary:000100:end,127096654.1394007,10528491868.779625,2518.0,1000.0,18.0,2.0939226828217437,1000.0,200.0,0
toniot,toniot_binary,external,batch_proxy:toniot:binary:000101,batch_proxy:toniot:binary:000101:end,147276356.37251222,12798245328.96856,2347.0,1000.0,20.0,2.3138397299099944,1000.0,200.0,0
toniot,toniot_binary,external,batch_proxy:toniot:binary:000102,batch_proxy:toniot:binary:000102:end,288208247.7493614,25260059773.46692,2033.0,1000.0,21.0,2.523938645994113,1000.0,200.0,0
toniot,toniot_binary,external,batch_proxy:toniot:binary:000103,batch_proxy:toniot:binary:000103:end,197377941.19080257,16935556927.56911,2430.0,1000.0,21.0,2.154559461377713,1000.0,200.0,0
toniot,toniot_binary,external,batch_proxy:toniot:binary:000104,batch_proxy:toniot:binary:000104:end,194497919.82093066,15669354519.12433,2623.0,1000.0,19.0,3.041408156238583,1000.0,200.0,0
toniot,toniot_binary,external,batch_proxy:toniot:binary:000105,batch_proxy:toniot:binary:000105:end,284332015.91211003,24174858879.68963,2337.0,1000.0,21.0,2.5565470909107604,1000.0,200.0,0
toniot,toniot_binary,external,batch_proxy:toniot:binary:000106,batch_proxy:toniot:binary:000106:end,231850943.91849813,20124576816.107727,2268.0,1000.0,20.0,2.5176885232712807,1000.0,200.0,0
toniot,toniot_binary,external,batch_proxy:toniot:binary:000107,batch_proxy:toniot:binary:000107:end,147826114.87009913,11805132053.095615,9089.0,1000.0,16.0,2.434273993695863,1000.0,200.0,0
toniot,toniot_binary,external,batch_proxy:toniot:binary:000108,batch_proxy:toniot:binary:000108:end,126562719.78032914,10830635713.600025,3624.0,1000.0,14.0,1.9926402805246854,1000.0,200.0,0
toniot,toniot_binary,external,batch_proxy:toniot:binary:000109,batch_proxy:toniot:binary:000109:end,216214106.41362903,18522462123.32264,2796.0,1000.0,14.0,1.8607658966767007,1000.0,200.0,0
toniot,toniot_binary,external,batch_proxy:toniot:binary:000110,batch_proxy:toniot:binary:000110:end,103789166.04537025,8392056910.501952,43870.0,1000.0,19.0,2.4398606769817754,1000.0,200.0,0
toniot,toniot_binary,external,batch_proxy:toniot:binary:000111,batch_proxy:toniot:binary:000111:end,118561946.6296848,22784154288.515244,2940.0,1000.0,12.0,2.5877861011934296,1000.0,200.0,0
toniot,toniot_binary,external,batch_proxy:toniot:binary:000112,batch_proxy:toniot:binary:000112:end,44867957.97999239,7118313596.493364,2742.0,1000.0,11.0,2.4217544809607636,1000.0,200.0,0
toniot,toniot_binary,external,batch_proxy:toniot:binary:000113,batch_proxy:toniot:binary:000113:end,13063080.891682187,2216328382.3431244,11989.0,1000.0,13.0,2.344480510596064,1000.0,200.0,0
toniot,toniot_binary,external,batch_proxy:toniot:binary:000114,batch_proxy:toniot:binary:000114:end,12430431.331674218,1896281754.3462658,6133.0,1000.0,14.0,2.472509167071263,1000.0,200.0,0
toniot,toniot_binary,external,batch_proxy:toniot:binary:000115,batch_proxy:toniot:binary:000115:end,11441283.008690566,3168095457.466325,4194.0,1000.0,13.0,2.3960133918515654,1000.0,200.0,0
toniot,toniot_binary,external,batch_proxy:toniot:binary:000116,batch_proxy:toniot:binary:000116:end,50462650.132928155,6226463181.59385,3467.0,1000.0,14.0,2.447432654171416,1000.0,200.0,0
toniot,toniot_binary,external,batch_proxy:toniot:binary:000117,batch_proxy:toniot:binary:000117:end,340153388.0170076,38590960208.903076,2198.0,1000.0,14.0,2.271699692291186,1000.0,200.0,0
toniot,toniot_binary,external,batch_proxy:toniot:binary:000118,batch_proxy:toniot:binary:000118:end,310705755.35759467,23387873435.16054,1571.0,1000.0,14.0,2.360846958116683,1000.0,200.0,0
toniot,toniot_binary,external,batch_proxy:toniot:binary:000119,batch_proxy:toniot:binary:000119:end,79555965.49635199,12069227743.112492,4873.0,1000.0,18.0,2.365808745344527,1000.0,200.0,0
toniot,toniot_binary,external,batch_proxy:toniot:binary:000120,batch_proxy:toniot:binary:000120:end,2003547.1650243758,299400891.036878,107619.0,1000.0,10.0,2.7161465147399464,1000.0,200.0,0
toniot,toniot_binary,external,batch_proxy:toniot:binary:000121,batch_proxy:toniot:binary:000121:end,2510677.1130149653,348496450.47783023,107764.0,1000.0,10.0,2.7336391483884612,1000.0,200.0,0
toniot,toniot_binary,external,batch_proxy:toniot:binary:000122,batch_proxy:toniot:binary:000122:end,7451980.192694481,1505241578.4860344,103309.0,1000.0,9.0,2.70924715425003,1000.0,200.0,0
toniot,toniot_binary,external,batch_proxy:toniot:binary:000123,batch_proxy:toniot:binary:000123:end,10587277.884076025,1587624029.7161133,106392.0,1000.0,11.0,2.7694284782808247,1000.0,200.0,0
toniot,toniot_binary,external,batch_proxy:toniot:binary:000124,batch_proxy:toniot:binary:000124:end,1962059.4291541097,126788265.75560483,110139.0,1000.0,11.0,2.7556770919579017,1000.0,200.0,0
toniot,toniot_binary,external,batch_proxy:toniot:binary:000125,batch_proxy:toniot:binary:000125:end,3508149.718278724,467991212.75342584,109577.0,1000.0,10.0,2.7270188976502934,1000.0,200.0,0
toniot,toniot_binary,external,batch_proxy:toniot:binary:000126,batch_proxy:toniot:binary:000126:end,6785783.1122074835,1437685895.1903822,107427.0,1000.0,10.0,2.73121157034326,1000.0,200.0,0
toniot,toniot_binary,external,batch_proxy:toniot:binary:000127,batch_proxy:toniot:binary:000127:end,7909446.188831173,1181890209.0968823,108330.0,1000.0,10.0,2.728240393676835,1000.0,200.0,0
toniot,toniot_binary,external,batch_proxy:toniot:binary:000128,batch_proxy:toniot:binary:000128:end,3637989.8057521563,601022355.9660795,109484.0,1000.0,10.0,2.737253446810057,1000.0,200.0,0
toniot,toniot_binary,external,batch_proxy:toniot:binary:000129,batch_proxy:toniot:binary:000129:end,5359524.380875194,1028889346.2810304,108582.0,1000.0,11.0,2.749207782674301,1000.0,200.0,0
toniot,toniot_binary,external,batch_proxy:toniot:binary:000130,batch_proxy:toniot:binary:000130:end,4328440.149744403,792546997.1108277,109027.0,1000.0,10.0,2.7132001101861722,1000.0,200.0,0
toniot,toniot_binary,external,batch_proxy:toniot:binary:000131,batch_proxy:toniot:binary:000131:end,21621426.510694873,1651913062.692832,14381.0,1000.0,8.0,0.9615910873011344,1000.0,200.0,1
toniot,toniot_binary,external,batch_proxy:toniot:binary:000132,batch_proxy:toniot:binary:000132:end,34889230.72325295,2335409347.1786776,9521.0,1000.0,2.0,0.9673324338116666,1000.0,200.0,1
toniot,toniot_binary,external,batch_proxy:toniot:binary:000133,batch_proxy:toniot:binary:000133:end,29046295.75018789,2054022892.3219602,9532.0,1000.0,2.0,0.9997114417528099,1000.0,200.0,1
toniot,toniot_binary,external,batch_proxy:toniot:binary:000134,batch_proxy:toniot:binary:000134:end,32050954.735854506,2344975091.3430433,9639.0,1000.0,2.0,0.9997662707810439,1000.0,200.0,1
toniot,toniot_binary,external,batch_proxy:toniot:binary:000135,batch_proxy:toniot:binary:000135:end,35269344.748847954,2660608201.5226502,9624.0,1000.0,2.0,0.9996508396313202,1000.0,200.0,1
toniot,toniot_binary,external,batch_proxy:toniot:binary:000136,batch_proxy:toniot:binary:000136:end,44726056.0245582,2923354632.3976274,9722.0,1000.0,2.0,0.9997114417528099,1000.0,200.0,1
toniot,toniot_binary,external,batch_proxy:toniot:binary:000137,batch_proxy:toniot:binary:000137:end,42032497.33720514,2909737079.983551,9703.0,1000.0,2.0,0.9999971146079947,1000.0,200.0,1
toniot,toniot_binary,external,batch_proxy:toniot:binary:000138,batch_proxy:toniot:binary:000138:end,31430204.655204047,2069637407.397508,9832.0,1000.0,2.0,0.9989581233509567,1000.0,200.0,1
toniot,toniot_binary,external,batch_proxy:toniot:binary:000139,batch_proxy:toniot:binary:000139:end,35744635.45109461,2467767813.5942793,11238.0,1000.0,2.0,0.9992612140227841,1000.0,200.0,1
toniot,toniot_binary,external,batch_proxy:toniot:binary:000140,batch_proxy:toniot:binary:000140:end,45204736.40214361,2808089584.5048685,9293.0,1000.0,2.0,0.9988455359952018,1000.0,200.0,1
toniot,toniot_binary,external,batch_proxy:toniot:binary:000141,batch_proxy:toniot:binary:000141:end,26879533.140430517,2046329145.5627909,9754.0,1000.0,2.0,0.9998153271549207,1000.0,200.0,1
toniot,toniot_binary,external,batch_proxy:toniot:binary:000142,batch_proxy:toniot:binary:000142:end,32693794.760550313,2284351922.1707683,9520.0,1000.0,2.0,0.9999971146079947,1000.0,200.0,1
toniot,toniot_binary,external,batch_proxy:toniot:binary:000143,batch_proxy:toniot:binary:000143:end,38738989.122680664,2477773508.516412,9557.0,1000.0,2.0,0.9999884584088952,1000.0,200.0,1
toniot,toniot_binary,external,batch_proxy:toniot:binary:000144,batch_proxy:toniot:binary:000144:end,42586387.726006456,3396122744.610808,9541.0,1000.0,2.0,0.9998153271549207,1000.0,200.0,1
toniot,toniot_binary,external,batch_proxy:toniot:binary:000145,batch_proxy:toniot:binary:000145:end,54449111.720239125,4096263488.6494417,9487.0,1000.0,2.0,0.9995844639313985,1000.0,200.0,1
toniot,toniot_binary,external,batch_proxy:toniot:binary:000146,batch_proxy:toniot:binary:000146:end,36880736.04271038,2470453981.0737076,9617.0,1000.0,2.0,0.9999278640456615,1000.0,200.0,1
toniot,toniot_binary,external,batch_proxy:toniot:binary:000147,batch_proxy:toniot:binary:000147:end,35006448.40296228,2396452611.542291,10341.0,1000.0,2.0,0.9987271686073539,1000.0,200.0,1
toniot,toniot_binary,external,batch_proxy:toniot:binary:000148,batch_proxy:toniot:binary:000148:end,31057748.752691254,2138714308.4477394,9688.0,1000.0,2.0,0.9998961234639354,1000.0,200.0,1
toniot,toniot_binary,external,batch_proxy:toniot:binary:000149,batch_proxy:toniot:binary:000149:end,29947499.745379627,2131175391.3712869,9490.0,1000.0,2.0,0.9997662707810439,1000.0,200.0,1
toniot,toniot_binary,external,batch_proxy:toniot:binary:000150,batch_proxy:toniot:binary:000150:end,33654981.32888148,2564103948.186062,9583.0,1000.0,2.0,0.999953833266239,1000.0,200.0,1
toniot,toniot_binary,external,batch_proxy:toniot:binary:000151,batch_proxy:toniot:binary:000151:end,959570471.1376009,248761280139.16998,1352.0,1000.0,7.0,1.5820553746579402,1000.0,200.0,1
toniot,toniot_binary,external,batch_proxy:toniot:binary:000152,batch_proxy:toniot:binary:000152:end,1000000000.0,288861000000.0,1000.0,1000.0,3.0,1.1389376854500959,1000.0,200.0,1
toniot,toniot_binary,external,batch_proxy:toniot:binary:000153,batch_proxy:toniot:binary:000153:end,1000000000.0,344890000000.0,1000.0,1000.0,3.0,1.4723563260624388,1000.0,200.0,1
toniot,toniot_binary,external,batch_proxy:toniot:binary:000154,batch_proxy:toniot:binary:000154:end,1000000000.0,312873000000.0,1000.0,1000.0,3.0,1.1222607506444353,1000.0,200.0,1
toniot,toniot_binary,external,batch_proxy:toniot:binary:000155,batch_proxy:toniot:binary:000155:end,1000000000.0,370601000000.0,1000.0,1000.0,3.0,1.1611629420412544,1000.0,200.0,1
toniot,toniot_binary,external,batch_proxy:toniot:binary:000156,batch_proxy:toniot:binary:000156:end,1000000000.0,422496000000.0,1000.0,1000.0,3.0,1.4359854547119195,1000.0,200.0,1
toniot,toniot_binary,external,batch_proxy:toniot:binary:000157,batch_proxy:toniot:binary:000157:end,1000000000.0,393008000000.0,1000.0,1000.0,5.0,1.5961966815010713,1000.0,200.0,1
toniot,toniot_binary,external,batch_proxy:toniot:binary:000158,batch_proxy:toniot:binary:000158:end,1000000000.0,345142000000.0,1000.0,1000.0,3.0,1.323929004285924,1000.0,200.0,1
toniot,toniot_binary,external,batch_proxy:toniot:binary:000159,batch_proxy:toniot:binary:000159:end,1000000000.0,335235000000.0,1000.0,1000.0,3.0,1.1899978349909008,1000.0,200.0,1
toniot,toniot_binary,external,batch_proxy:toniot:binary:000160,batch_proxy:toniot:binary:000160:end,1000000000.0,440866000000.0,1000.0,1000.0,3.0,1.5399009500646423,1000.0,200.0,1
toniot,toniot_binary,external,batch_proxy:toniot:binary:000161,batch_proxy:toniot:binary:000161:end,1000000000.0,319661000000.0,1000.0,1000.0,3.0,1.336053382674547,1000.0,200.0,1
toniot,toniot_binary,external,batch_proxy:toniot:binary:000162,batch_proxy:toniot:binary:000162:end,1000000000.0,329819000000.0,1000.0,1000.0,3.0,1.5199558357518093,1000.0,200.0,1
toniot,toniot_binary,external,batch_proxy:toniot:binary:000163,batch_proxy:toniot:binary:000163:end,1000000000.0,222082000000.0,1000.0,1000.0,3.0,1.0907443442233493,1000.0,200.0,1
toniot,toniot_binary,external,batch_proxy:toniot:binary:000164,batch_proxy:toniot:binary:000164:end,1000000000.0,277594000000.0,1000.0,1000.0,3.0,1.1149181251371212,1000.0,200.0,1
toniot,toniot_binary,external,batch_proxy:toniot:binary:000165,batch_proxy:toniot:binary:000165:end,1000000000.0,327036000000.0,1000.0,1000.0,3.0,1.233841038364937,1000.0,200.0,1
toniot,toniot_binary,external,batch_proxy:toniot:binary:000166,batch_proxy:toniot:binary:000166:end,1000000000.0,325750000000.0,1000.0,1000.0,3.0,1.270920431870778,1000.0,200.0,1
toniot,toniot_binary,external,batch_proxy:toniot:binary:000167,batch_proxy:toniot:binary:000167:end,1000000000.0,338123000000.0,1000.0,1000.0,3.0,1.4337605504894844,1000.0,200.0,1
toniot,toniot_binary,external,batch_proxy:toniot:binary:000168,batch_proxy:toniot:binary:000168:end,1000000000.0,358613000000.0,1000.0,1000.0,3.0,1.537921230480336,1000.0,200.0,1
toniot,toniot_binary,external,batch_proxy:toniot:binary:000169,batch_proxy:toniot:binary:000169:end,1000000000.0,333605000000.0,1000.0,1000.0,3.0,1.1908076953740578,1000.0,200.0,1
toniot,toniot_binary,external,batch_proxy:toniot:binary:000170,batch_proxy:toniot:binary:000170:end,1000000000.0,341871000000.0,1000.0,1000.0,5.0,1.4926014713886993,1000.0,200.0,1
toniot,toniot_binary,external,batch_proxy:toniot:binary:000171,batch_proxy:toniot:binary:000171:end,782246967.656676,46522005985.4274,1423.0,1000.0,7.0,1.7753564930965018,1000.0,200.0,1
toniot,toniot_binary,external,batch_proxy:toniot:binary:000172,batch_proxy:toniot:binary:000172:end,574853182.311213,25284318020.926334,1575.0,1000.0,3.0,1.3888094851055168,1000.0,200.0,1
toniot,toniot_binary,external,batch_proxy:toniot:binary:000173,batch_proxy:toniot:binary:000173:end,591257050.4869232,26007076065.773293,1554.0,1000.0,4.0,1.445700261087593,1000.0,200.0,1
toniot,toniot_binary,external,batch_proxy:toniot:binary:000174,batch_proxy:toniot:binary:000174:end,800929348.5800965,35590841303.685455,1307.0,1000.0,3.0,1.5388315564871686,1000.0,200.0,1
toniot,toniot_binary,external,batch_proxy:toniot:binary:000175,batch_proxy:toniot:binary:000175:end,917088908.9182261,40351845867.167725,1151.0,1000.0,3.0,0.8892787851200599,1000.0,200.0,1
toniot,toniot_binary,external,batch_proxy:toniot:binary:000176,batch_proxy:toniot:binary:000176:end,816403320.886465,35921615005.73953,1257.0,1000.0,3.0,1.3370148237857138,1000.0,200.0,1
toniot,toniot_binary,external,batch_proxy:toniot:binary:000177,batch_proxy:toniot:binary:000177:end,775234998.2941374,34110130259.231792,1390.0,1000.0,3.0,1.3478435692926618,1000.0,200.0,1
toniot,toniot_binary,external,batch_proxy:toniot:binary:000178,batch_proxy:toniot:binary:000178:end,849045906.5562693,37357964087.38059,1185.0,1000.0,3.0,1.5512907613211844,1000.0,200.0,1
toniot,toniot_binary,external,batch_proxy:toniot:binary:000179,batch_proxy:toniot:binary:000179:end,889047826.9700668,39118051999.99445,1139.0,1000.0,3.0,1.5534158144897654,1000.0,200.0,1
toniot,toniot_binary,external,batch_proxy:toniot:binary:000180,batch_proxy:toniot:binary:000180:end,804072717.8213589,35379098134.78812,1229.0,1000.0,3.0,1.487466284550628,1000.0,200.0,1
toniot,toniot_binary,external,batch_proxy:toniot:binary:000181,batch_proxy:toniot:binary:000181:end,598126752.3327298,26317581726.261055,2679.0,1000.0,3.0,1.5404874593650844,1000.0,200.0,1
toniot,toniot_binary,external,batch_proxy:toniot:binary:000182,batch_proxy:toniot:binary:000182:end,648128326.9465177,28517533059.434624,1397.0,1000.0,3.0,1.5034354886351622,1000.0,200.0,1
toniot,toniot_binary,external,batch_proxy:toniot:binary:000183,batch_proxy:toniot:binary:000183:end,747105685.0840315,32873098098.866333,1452.0,1000.0,3.0,1.4805594264697335,1000.0,200.0,1
toniot,toniot_binary,external,batch_proxy:toniot:binary:000184,batch_proxy:toniot:binary:000184:end,773145702.1562667,34019341608.14254,2172.0,1000.0,3.0,1.4840144619694469,1000.0,200.0,1
toniot,toniot_binary,external,batch_proxy:toniot:binary:000185,batch_proxy:toniot:binary:000185:end,749525558.0015825,32981386555.151676,1490.0,1000.0,3.0,1.4335159386263114,1000.0,200.0,1
toniot,toniot_binary,external,batch_proxy:toniot:binary:000186,batch_proxy:toniot:binary:000186:end,739498010.5408021,32538772852.730057,1444.0,1000.0,3.0,1.4476432668300194,1000.0,200.0,1
toniot,toniot_binary,external,batch_proxy:toniot:binary:000187,batch_proxy:toniot:binary:000187:end,779698640.7527251,34305917973.13656,1338.0,1000.0,3.0,1.470598076991521,1000.0,200.0,1
toniot,toniot_binary,external,batch_proxy:toniot:binary:000188,batch_proxy:toniot:binary:000188:end,762304178.2326839,33535404993.068317,1353.0,1000.0,4.0,1.4419572666152292,1000.0,200.0,1
toniot,toniot_binary,external,batch_proxy:toniot:binary:000189,batch_proxy:toniot:binary:000189:end,885254303.4282153,38946979111.96185,1208.0,1000.0,4.0,1.4674068268869893,1000.0,200.0,1
toniot,toniot_binary,external,batch_proxy:toniot:binary:000190,batch_proxy:toniot:binary:000190:end,911727597.5738721,40114780816.570435,1143.0,1000.0,3.0,1.5015295695726398,1000.0,200.0,1
toniot,toniot_binary,external,batch_proxy:toniot:binary:000191,batch_proxy:toniot:binary:000191:end,499354541.256533,32210182814.698975,3721.0,1000.0,4.0,0.37457222900771836,1000.0,200.0,1
toniot,toniot_binary,external,batch_proxy:toniot:binary:000192,batch_proxy:toniot:binary:000192:end,564957457.5606654,29492403791.867912,3208.0,1000.0,2.0,0.17391711692221742,1000.0,200.0,1
toniot,toniot_binary,external,batch_proxy:toniot:binary:000193,batch_proxy:toniot:binary:000193:end,570948275.8534783,32113390882.7012,2757.0,1000.0,2.0,0.11835001140827503,1000.0,200.0,1
toniot,toniot_binary,external,batch_proxy:toniot:binary:000194,batch_proxy:toniot:binary:000194:end,594654397.439884,33220661205.364433,3851.0,1000.0,2.0,0.07408838368729646,1000.0,200.0,1
toniot,toniot_binary,external,batch_proxy:toniot:binary:000195,batch_proxy:toniot:binary:000195:end,629141929.2388232,34132256389.0616,3439.0,1000.0,2.0,0.08735191991631619,1000.0,200.0,1
toniot,toniot_binary,external,batch_proxy:toniot:binary:000196,batch_proxy:toniot:binary:000196:end,745037138.5988452,40518227819.54167,2772.0,1000.0,2.0,0.19938228214288037,1000.0,200.0,1
toniot,toniot_binary,external,batch_proxy:toniot:binary:000197,batch_proxy:toniot:binary:000197:end,598203666.3629245,32990392811.803413,3934.0,1000.0,2.0,0.2513881446901185,1000.0,200.0,1
toniot,toniot_binary,external,batch_proxy:toniot:binary:000198,batch_proxy:toniot:binary:000198:end,752022736.8558662,44024578242.571075,2895.0,1000.0,2.0,0.06017244203200856,1000.0,200.0,1
toniot,toniot_binary,external,batch_proxy:toniot:binary:000199,batch_proxy:toniot:binary:000199:end,703853023.1849105,38163491731.82975,3591.0,1000.0,2.0,0.10008207543778838,1000.0,200.0,1
toniot,toniot_binary,external,batch_proxy:toniot:binary:000200,batch_proxy:toniot:binary:000200:end,633244234.687786,36213124151.30616,3998.0,1000.0,2.0,0.06017244203200856,1000.0,200.0,1
toniot,toniot_binary,external,batch_proxy:toniot:binary:000201,batch_proxy:toniot:binary:000201:end,452055510.95457536,25344767199.308117,5318.0,1000.0,2.0,0.07408838368729646,1000.0,200.0,1
toniot,toniot_binary,external,batch_proxy:toniot:binary:000202,batch_proxy:toniot:binary:000202:end,607055125.0582277,32469703149.55255,3534.0,1000.0,2.0,0.08735191991631619,1000.0,200.0,1
toniot,toniot_binary,external,batch_proxy:toniot:binary:000203,batch_proxy:toniot:binary:000203:end,769491323.5354803,40909380278.74018,2977.0,1000.0,2.0,0.06017244203200856,1000.0,200.0,1
toniot,toniot_binary,external,batch_proxy:toniot:binary:000204,batch_proxy:toniot:binary:000204:end,876430318.7278811,48523540019.9431,2109.0,1000.0,2.0,0.5379232310513297,1000.0,200.0,1
toniot,toniot_binary,external,batch_proxy:toniot:binary:000205,batch_proxy:toniot:binary:000205:end,489334346.64909667,26969826519.88364,5162.0,1000.0,2.0,0.32744491915447627,1000.0,200.0,1
toniot,toniot_binary,external,batch_proxy:toniot:binary:000206,batch_proxy:toniot:binary:000206:end,496988414.9112938,35516091985.18571,4977.0,1000.0,2.0,0.43646981706410287,1000.0,200.0,1
toniot,toniot_binary,external,batch_proxy:toniot:binary:000207,batch_proxy:toniot:binary:000207:end,490902853.4622859,29518234006.276012,5435.0,1000.0,2.0,0.49080020306391225,1000.0,200.0,1
toniot,toniot_binary,external,batch_proxy:toniot:binary:000208,batch_proxy:toniot:binary:000208:end,406179144.5492971,21671028785.62938,6179.0,1000.0,2.0,0.10008207543778838,1000.0,200.0,1
toniot,toniot_binary,external,batch_proxy:toniot:binary:000209,batch_proxy:toniot:binary:000209:end,253022083.94347963,15393577643.013645,7449.0,1000.0,2.0,0.14144054254182067,1000.0,200.0,1
toniot,toniot_binary,external,batch_proxy:toniot:binary:000210,batch_proxy:toniot:binary:000210:end,135903902.74116486,8114802226.999476,7562.0,1000.0,1.0,-0.0,1000.0,200.0,1
toniot,toniot_binary,external,batch_proxy:toniot:binary:000211,batch_proxy:toniot:binary:000211:end,13154723.46991164,678595876.6148568,280.0,43.0,1.0,-0.0,43.0,8.6,1
