split,label,feature,n,minimum,median,maximum
train,0,pkt_rate,240,44.4,174.4,889.6
train,0,byte_rate,240,63911.4,255848.0,1318826.2
train,0,pkt_sum,240,222.0,872.0,4448.0
train,0,events,240,5.0,5.0,5.0
train,0,unique_src,240,1.0,1.0,5.0
train,0,src_ip_entropy,240,-0.0,0.0,1.879964948727111
train,0,flow_count,240,5.0,5.0,9.0
train,0,flow_rate,240,1.0,1.0,1.8
train,1,pkt_rate,240,472.8,3060.6,6686.6
train,1,byte_rate,240,697766.4,4545699.8,9947094.0
train,1,pkt_sum,240,2364.0,15303.0,33433.0
train,1,events,240,5.0,5.0,5.0
train,1,unique_src,240,2.0,5.0,5.0
train,1,src_ip_entropy,240,1.0,1.914341183612352,2.321928094887362
train,1,flow_count,240,10.0,15.0,25.0
train,1,flow_rate,240,2.0,3.0,5.0
validation,0,pkt_rate,120,43.8,179.3,900.8
validation,0,byte_rate,120,62732.6,262553.19999999995,1333297.2
validation,0,pkt_sum,120,219.0,896.5,4504.0
validation,0,events,120,5.0,5.0,5.0
validation,0,unique_src,120,1.0,1.0,5.0
validation,0,src_ip_entropy,120,-0.0,0.0,1.879964948727111
validation,0,flow_count,120,5.0,5.0,9.0
validation,0,flow_rate,120,1.0,1.0,1.8
validation,1,pkt_rate,120,546.8,3048.3,6662.4
validation,1,byte_rate,120,799727.8,4532888.2,9913877.2
validation,1,pkt_sum,120,2734.0,15241.5,33312.0
validation,1,events,120,5.0,5.0,5.0
validation,1,unique_src,120,2.0,5.0,5.0
validation,1,src_ip_entropy,120,1.0,1.914341183612352,2.321928094887362
validation,1,flow_count,120,10.0,15.0,25.0
validation,1,flow_rate,120,2.0,3.0,5.0
